jahr,raum,einwohner,kinder,erwachsene,aeltere,maenner,frauen,deutsche,auslaender,tuerken,syrer,ukrainer,polen,iraker,afghanen,bulgaren,rumaenen,russen,italiener,haushalte,einpersonenhaushalte,paare_ohne_kinder,paare_mit_kindern,alleinerziehende,sonstige_haushalte,arbeitslosengeld,buergergeld_direkt,buergergeld_gemeinschaft,grundsicherung,lebensunterhalt,asylbewerber,mindestsicherung
2022,Buntekuh (Stadtteil),11437,2360,6606,2471,5619,5818,9000,2437,636,345,145,501,551,124,82,73,189,38,5493,2318,1288,1145,307,435,120,561,2218,398,39,133,2788
2022,Burgtor (Bezirk),8017,1073,4388,2556,3728,4289,7572,445,63,35,71,108,15,10,11,17,37,29,4543,2313,1136,656,136,302,50,110,330,113,28,15,486
2022,Dornbreite (Bezirk),7814,1364,4663,1787,3788,4026,6874,940,163,156,89,218,55,43,22,24,117,24,4080,1890,934,709,223,324,72,188,787,267,19,30,1103
2022,Dänischburg (Bezirk),4248,693,2593,962,2153,2095,3858,390,85,64,30,90,6,21,21,37,21,7,2006,703,567,415,82,239,36,66,219,51,7,26,303
2022,Eichholz (Bezirk),7573,1445,4295,1833,3677,3896,6748,825,158,130,54,210,41,79,24,40,63,28,3909,1889,786,688,245,301,80,268,1024,207,35,53,1319
2022,Falkenfeld/Vorwerk (Bezirk),10569,1813,6535,2221,5223,5346,8886,1683,513,204,246,308,108,49,67,33,284,38,5489,2617,1162,941,326,443,114,409,1594,547,38,21,2200
2022,Groß Steinrade (Bezirk),3812,788,2342,682,1895,1917,3604,208,43,13,50,55,18,3,11,10,24,7,1652,485,441,520,52,154,44,31,122,25,3,6,156
2022,Herrenwyk (Bezirk),4066,693,2411,962,1936,2130,3496,570,306,44,45,126,15,5,25,15,35,6,2117,1025,446,379,121,146,47,116,455,130,18,10,613
2022,Holstentor Nord (Bezirk),21606,2912,14832,3862,10691,10915,17710,3896,825,446,297,500,210,163,358,246,194,130,13147,7885,2352,1484,642,784,273,897,2705,570,88,149,3512
2022,Hüxtertor (Bezirk),27736,3778,17364,6594,12843,14893,25358,2378,234,242,266,403,125,106,117,90,101,95,16591,9515,3327,2097,662,990,255,431,1395,448,78,76,1997
2022,Innenstadt (Stadtteil),14228,1462,10522,2244,7111,7117,11663,2565,316,248,320,175,92,87,79,103,89,147,9745,6823,1466,732,298,426,186,525,1339,463,57,72,1931
2022,Karlshof (Bezirk),6052,1015,3501,1536,2957,3095,5653,399,33,23,79,99,12,14,29,14,21,28,3114,1363,782,590,133,246,59,114,313,96,14,4,427
2022,Kücknitz (Stadtteil),18559,3118,11145,4296,9042,9517,15971,2588,766,308,171,535,102,100,96,144,166,58,9651,4483,2162,1646,545,815,194,530,2096,484,69,161,2810
2022,Kücknitz/Pöppendorf (Bezirk),10245,1732,6141,2372,4953,5292,8617,1628,375,200,96,319,81,74,50,92,110,45,5528,2755,1149,852,342,430,111,348,1422,303,44,125,1894
2022,Lübeck (Gesamtstadt),222077,33661,137234,51182,107323,114754,192320,29757,5390,3346,3053,5420,1909,1333,1429,1290,1985,961,125301,66929,26266,17717,5923,8466,2289,6671,22841,6035,781,1294,30951
2022,Marli/Brandenbaum (Bezirk),20344,2745,12833,4766,9660,10684,17874,2470,328,251,295,632,109,134,111,138,190,83,12417,7323,2290,1319,701,784,241,883,2753,711,94,46,3604
2022,Moisling (Stadtteil),11115,2183,6575,2357,5454,5661,8532,2583,480,410,336,452,148,149,145,128,164,35,5607,2551,1188,973,409,486,125,597,2241,527,53,125,2946
2022,Schlutup (Stadtteil),5782,941,3433,1408,2853,2929,5180,602,51,97,24,111,10,32,66,16,7,10,2932,1258,730,530,159,255,49,112,436,100,21,17,574
2022,St. Gertrud (Stadtteil),41986,6278,25017,10691,20022,21964,37847,4139,582,439,499,1049,177,237,175,209,311,168,23983,12888,4994,3253,1215,1633,430,1375,4420,1127,171,118,5836
2022,St. Jürgen (Stadtteil),45959,7283,28709,9967,21727,24232,41550,4409,425,392,500,763,213,174,160,157,282,155,25515,13257,5476,4095,1073,1614,358,674,2266,677,120,220,3283
2022,St. Jürgen Land (Bezirk),3853,675,2321,857,1914,1939,3535,318,27,32,73,69,16,13,3,11,23,7,1769,586,520,421,64,178,9,57,179,25,9,58,271
2022,St. Lorenz Nord (Stadtteil),43801,6877,28372,8552,21597,22204,37074,6727,1544,819,682,1081,391,255,458,313,619,199,24368,12877,4889,3654,1243,1705,503,1525,5208,1409,148,206,6971
2022,St. Lorenz Süd (Stadtteil),15699,1985,10619,3095,7773,7926,13111,2588,492,215,169,539,170,113,148,116,127,81,9882,6188,1728,972,451,543,186,619,2089,575,75,82,2821
2022,Strecknitz (Bezirk),14370,2830,9024,2516,6970,7400,12657,1713,164,118,161,291,72,55,40,56,158,53,7155,3156,1629,1577,347,446,94,186,692,204,33,86,1015
2022,Travemünde (Stadtteil),13511,1174,6236,6101,6125,7386,12392,1119,98,73,207,214,55,62,20,31,31,70,8125,4286,2345,717,223,554,138,153,528,267,26,149,970
2022,null,3,3,3,3,3,3,3,3,3,3,3,3,3,3,3,3,3,3,3,3,3,3,3,3,3,3,3,8,3,11,21
2021,Buntekuh (Stadtteil),11177,2291,6402,2484,5506,5671,8934,2243,611,315,68,510,514,115,80,65,174,35,5366,2262,1281,1107,281,435,106,528,2242,354,39,128,2763
2021,Burgtor (Bezirk),8034,1099,4379,2556,3751,4283,7655,379,69,36,29,107,16,11,11,8,38,33,4483,2267,1095,687,114,320,59,103,317,105,18,15,455
2021,Dornbreite (Bezirk),7782,1365,4630,1787,3763,4019,6897,885,153,142,61,220,45,39,22,21,123,24,4041,1855,932,733,220,301,70,172,826,227,28,41,1122
2021,Dänischburg (Bezirk),4266,704,2603,959,2167,2099,3917,349,85,58,11,85,5,21,16,38,17,6,2010,699,577,416,84,234,17,63,199,45,7,36,287
2021,Eichholz (Bezirk),7546,1467,4264,1815,3682,3864,6778,768,161,102,24,213,37,75,21,35,61,29,3832,1777,817,718,226,294,67,283,1098,188,24,36,1346
2021,Falkenfeld/Vorwerk (Bezirk),10219,1760,6266,2193,5064,5155,8781,1438,504,167,107,314,109,43,59,21,273,36,5295,2525,1109,939,294,428,103,396,1595,459,41,22,2117
2021,Groß Steinrade (Bezirk),3752,751,2319,682,1859,1893,3593,159,40,13,3,55,17,5,12,9,26,6,1630,476,441,514,51,148,29,4,74,12,3,9,96
2021,Herrenwyk (Bezirk),4045,700,2390,955,1930,2115,3517,528,309,42,10,125,13,5,21,18,42,6,2101,993,464,384,117,143,45,117,473,113,20,17,623
2021,Holstentor Nord (Bezirk),21510,2895,14764,3851,10628,10882,17922,3588,845,418,61,497,215,131,305,254,192,130,12935,7718,2374,1523,568,752,252,840,2719,507,87,154,3467
2021,Hüxtertor (Bezirk),27544,3727,17287,6530,12733,14811,25499,2045,218,218,59,426,100,91,124,92,94,101,16399,9349,3328,2101,613,1008,267,387,1236,390,77,86,1789
2021,Innenstadt (Stadtteil),14053,1432,10412,2209,7067,6986,11731,2322,319,265,59,181,79,81,56,100,79,169,9633,6802,1413,729,265,424,179,488,1303,402,52,76,1833
2021,Karlshof (Bezirk),5958,985,3456,1517,2911,3047,5645,313,32,21,10,90,21,11,22,15,19,29,3023,1306,764,588,105,260,57,97,284,82,10,4,380
2021,Kücknitz (Stadtteil),18528,3147,11081,4300,9043,9485,16139,2389,781,292,42,535,99,94,81,134,167,59,9602,4435,2171,1682,518,796,169,540,2229,453,72,203,2957
2021,Kücknitz/Pöppendorf (Bezirk),10217,1743,6088,2386,4946,5271,8705,1512,387,192,21,325,81,68,44,78,108,47,5491,2743,1130,882,317,419,107,360,1557,295,45,150,2047
2021,Lübeck (Gesamtstadt),220056,33229,136010,50817,106471,113585,193390,26666,5341,3072,823,5453,1810,1217,1301,1237,1933,993,123490,65723,26097,17915,5391,8364,2131,6217,22577,5363,745,1363,30048
2021,Marli/Brandenbaum (Bezirk),19988,2642,12638,4708,9475,10513,17884,2104,330,193,63,615,85,120,108,121,192,79,12099,7066,2317,1322,636,758,226,792,2650,651,88,49,3438
2021,Moisling (Stadtteil),10852,2043,6503,2306,5352,5500,8624,2228,481,379,93,466,124,121,131,128,148,35,5547,2589,1156,976,348,478,139,552,2187,483,62,98,2830
2021,Schlutup (Stadtteil),5771,949,3407,1415,2838,2933,5215,556,46,94,5,104,4,19,72,19,10,11,2904,1226,730,535,141,272,29,113,444,91,15,18,568
2021,St. Gertrud (Stadtteil),41526,6193,24737,10596,19819,21707,37962,3564,592,352,126,1025,159,217,162,179,310,170,23437,12416,4993,3315,1081,1632,409,1275,4349,1026,140,104,5619
2021,St. Jürgen (Stadtteil),45752,7242,28652,9858,21678,24074,41828,3924,390,370,96,797,211,168,160,170,262,165,25221,13035,5453,4126,991,1616,342,583,2081,588,104,257,3030
2021,St. Jürgen Land (Bezirk),3871,676,2354,841,1939,1932,3590,281,18,32,3,72,38,27,3,10,24,4,1780,602,516,424,64,174,18,37,152,16,3,87,258
2021,St. Lorenz Nord (Stadtteil),43263,6771,27979,8513,21314,21949,37193,6070,1542,740,231,1086,386,218,398,305,614,196,23901,12574,4856,3709,1133,1629,454,1412,5214,1205,157,226,6802
2021,St. Lorenz Süd (Stadtteil),15692,1965,10728,2999,7723,7969,13293,2399,497,192,74,548,143,110,135,115,127,83,9828,6163,1694,1009,418,544,199,612,2061,528,85,81,2755
2021,Strecknitz (Bezirk),14337,2839,9011,2487,7006,7331,12739,1598,154,120,37,299,73,50,35,68,144,60,7042,3084,1609,1601,314,434,57,159,693,182,24,84,983
2021,Travemünde (Stadtteil),13442,1196,6109,6137,6131,7311,12471,971,82,73,29,201,91,74,26,22,42,70,8051,4221,2350,727,215,538,105,114,467,231,19,172,889
2021,null,3,3,3,3,3,3,3,3,3,3,3,3,3,3,3,3,3,3,3,3,3,3,3,3,3,3,3,3,3,3,3
2020,Buntekuh (Stadtteil),11137,2264,6346,2527,5470,5667,8946,2191,600,291,72,518,491,110,91,61,165,37,5330,2207,1281,1117,274,451,152,528,2330,348,52,125,2855
2020,Burgtor (Bezirk),7986,1087,4351,2548,3717,4269,7627,359,70,28,26,107,10,12,10,5,36,23,4426,2218,1051,685,119,353,88,115,351,101,19,10,481
2020,Dornbreite (Bezirk),7847,1395,4658,1794,3769,4078,6974,873,158,132,63,225,48,40,20,24,126,22,4034,1822,919,744,232,317,125,167,920,212,22,47,1201
2020,Dänischburg (Bezirk),4243,675,2594,974,2151,2092,3893,350,88,52,10,85,5,15,13,44,16,6,1995,686,569,426,78,236,46,58,248,44,6,24,322
2020,Eichholz (Bezirk),7588,1465,4305,1818,3665,3923,6842,746,160,105,26,220,34,65,18,17,59,30,3817,1762,797,721,223,314,119,274,1162,197,27,47,1433
2020,Falkenfeld/Vorwerk (Bezirk),10367,1818,6368,2181,5077,5290,8941,1426,510,153,102,323,108,35,55,19,282,40,5308,2498,1110,952,303,445,164,408,1727,436,48,16,2227
2020,Groß Steinrade (Bezirk),3732,743,2316,673,1843,1889,3586,146,34,7,3,56,21,8,9,4,25,8,1611,467,426,522,52,144,36,16,94,12,3,15,123
2020,Herrenwyk (Bezirk),4046,691,2399,956,1942,2104,3535,511,313,29,10,127,13,4,21,21,41,6,2088,980,458,394,120,136,50,137,513,103,19,11,646
2020,Holstentor Nord (Bezirk),21310,2865,14615,3830,10568,10742,17956,3354,827,406,53,493,183,117,241,199,168,132,12813,7620,2312,1539,575,767,367,846,2908,506,97,169,3680
2020,Hüxtertor (Bezirk),27461,3719,17247,6495,12659,14802,25496,1965,208,167,48,422,101,88,142,79,99,102,16311,9253,3272,2083,653,1050,309,412,1406,399,69,85,1959
2020,Innenstadt (Stadtteil),14007,1434,10385,2188,7020,6987,11659,2348,310,261,64,174,76,84,79,105,78,161,9567,6711,1398,726,269,463,262,517,1540,391,68,81,2080
2020,Karlshof (Bezirk),5830,961,3392,1477,2867,2963,5533,297,34,21,8,86,18,9,11,17,14,28,2955,1273,723,588,110,261,70,90,305,78,15,7,405
2020,Kücknitz (Stadtteil),18558,3095,11155,4308,9055,9503,16208,2350,801,261,40,550,98,79,77,143,160,57,9555,4361,2161,1709,519,805,251,528,2356,429,75,174,3034
2020,Kücknitz/Pöppendorf (Bezirk),10269,1729,6162,2378,4962,5307,8780,1489,400,180,20,338,80,60,43,78,103,45,5472,2695,1134,889,321,433,155,333,1595,282,50,139,2066
2020,Lübeck (Gesamtstadt),219645,33129,135743,50773,106082,113563,193821,25824,5328,2849,806,5444,1670,1102,1282,1099,1904,971,122630,64683,25655,18068,5485,8739,3098,6388,24434,5256,829,1336,31855
2020,Marli/Brandenbaum (Bezirk),19960,2607,12609,4744,9450,10510,17991,1969,334,186,60,597,81,96,86,103,187,78,12100,7041,2262,1355,636,806,351,811,2787,652,99,49,3587
2020,Moisling (Stadtteil),10905,2028,6580,2297,5398,5507,8759,2146,489,328,100,460,117,114,112,123,159,38,5525,2555,1132,971,364,503,175,585,2349,485,74,115,3023
2020,Schlutup (Stadtteil),5820,958,3397,1465,2851,2969,5261,559,40,80,5,107,3,22,73,13,12,17,2890,1182,734,548,146,280,40,117,477,92,19,28,616
2020,St. Gertrud (Stadtteil),41364,6120,24657,10587,19699,21665,37993,3371,598,340,120,1010,143,182,125,142,296,159,23298,12294,4833,3349,1088,1734,628,1290,4605,1028,160,113,5906
2020,St. Jürgen (Stadtteil),45335,7174,28370,9791,21436,23899,41636,3699,375,317,85,781,190,157,179,137,261,155,24946,12766,5368,4111,1026,1675,442,610,2254,593,94,241,3182
2020,St. Jürgen Land (Bezirk),3792,632,2308,852,1885,1907,3529,263,18,34,3,70,23,19,3,15,22,5,1761,588,521,421,63,168,21,44,148,13,3,68,231
2020,St. Lorenz Nord (Stadtteil),43256,6821,27957,8478,21257,21999,37457,5799,1529,698,221,1097,360,200,325,246,601,202,23766,12407,4767,3757,1162,1673,692,1437,5649,1166,169,247,7231
2020,St. Lorenz Süd (Stadtteil),15800,2036,10805,2959,7758,8042,13359,2441,507,195,69,545,148,95,202,108,119,80,9776,6032,1705,1033,430,576,278,660,2334,488,95,74,2991
2020,Strecknitz (Bezirk),14082,2823,8815,2444,6892,7190,12611,1471,149,116,37,289,66,50,35,43,140,48,6874,2925,1575,1607,310,457,112,154,700,181,23,88,992
2020,Travemünde (Stadtteil),13463,1199,6091,6173,6138,7325,12543,920,79,78,30,202,44,59,19,21,53,65,7977,4168,2276,747,207,579,178,116,540,236,23,138,937
2019,Buntekuh (Stadtteil),11216,2269,6394,2553,5500,5716,9052,2164,604,305,77,523,472,101,59,52,176,36,5357,2207,1305,1104,297,444,134,489,2389,344,55,139,2927
2019,Burgtor (Bezirk),8005,1111,4373,2521,3721,4284,7635,370,71,28,28,109,11,10,8,5,33,19,4423,2201,1058,684,121,359,71,100,339,93,14,10,456
2019,Dornbreite (Bezirk),7770,1352,4620,1798,3729,4041,6978,792,156,110,67,224,41,38,18,17,120,17,3985,1783,926,730,223,323,76,154,949,209,22,25,1205
2019,Dänischburg (Bezirk),4309,677,2666,966,2179,2130,3978,331,83,31,11,85,9,16,4,36,17,8,2028,692,569,447,78,242,37,44,213,45,11,31,300
2019,Eichholz (Bezirk),7693,1493,4360,1840,3716,3977,6948,745,174,88,23,216,28,64,11,17,67,30,3873,1787,800,737,223,326,91,243,1192,199,24,98,1513
2019,Falkenfeld/Vorwerk (Bezirk),10461,1868,6404,2189,5106,5355,9077,1384,498,125,102,338,114,32,52,17,289,41,5300,2443,1114,989,302,452,134,353,1832,426,50,9,2317
2019,Groß Steinrade (Bezirk),3613,730,2224,659,1784,1829,3453,160,38,10,3,57,19,10,5,4,21,8,1585,470,433,492,56,134,13,4,91,14,3,17,125
2019,Herrenwyk (Bezirk),4084,698,2450,936,1973,2111,3578,506,319,31,8,121,12,5,23,20,41,6,2074,916,462,409,123,164,38,114,483,115,31,9,638
2019,Holstentor Nord (Bezirk),21523,2958,14724,3841,10635,10888,18194,3329,855,355,51,506,191,101,248,179,174,142,12811,7502,2336,1583,591,799,285,795,3050,477,105,158,3790
2019,Hüxtertor (Bezirk),27331,3640,17260,6431,12625,14706,25529,1802,186,158,39,411,80,98,116,78,87,89,16245,9183,3257,2076,653,1076,231,343,1364,398,81,70,1913
2019,Innenstadt (Stadtteil),13984,1450,10404,2130,7004,6980,11672,2312,321,240,60,173,83,76,72,84,81,163,9561,6705,1379,720,280,477,159,443,1455,372,76,64,1967
2019,Karlshof (Bezirk),5900,953,3452,1495,2908,2992,5580,320,43,23,9,81,15,10,12,17,17,35,2977,1261,739,597,111,269,50,89,303,80,19,6,408
2019,Kücknitz (Stadtteil),18649,3075,11290,4284,9113,9536,16367,2282,813,237,37,527,102,77,60,126,154,53,9576,4279,2194,1731,522,850,170,462,2332,436,94,168,3030
2019,Kücknitz/Pöppendorf (Bezirk),10256,1700,6174,2382,4961,5295,8811,1445,411,175,18,321,81,56,33,70,96,39,5474,2671,1163,875,321,444,95,304,1636,276,52,128,2092
2019,Lübeck (Gesamtstadt),220238,33314,136381,50543,106402,113836,194831,25407,5393,2700,807,5438,1633,1052,1172,1015,1925,948,122556,64048,25845,18183,5570,8910,2253,5730,24765,5192,921,1307,32185
2019,Marli/Brandenbaum (Bezirk),20062,2623,12718,4721,9542,10520,18091,1971,332,193,64,622,74,94,70,96,197,65,12117,6997,2272,1349,654,845,241,734,2838,661,114,65,3678
2019,Moisling (Stadtteil),10897,2003,6605,2289,5378,5519,8819,2078,497,295,101,462,104,102,117,114,157,37,5505,2479,1188,969,368,501,120,518,2401,472,80,124,3077
2019,Schlutup (Stadtteil),5876,978,3439,1459,2886,2990,5331,545,42,88,5,114,3,19,28,11,13,17,2916,1206,702,574,157,277,27,108,509,90,32,48,679
2019,St. Gertrud (Stadtteil),41660,6180,24903,10577,19887,21773,38254,3406,620,332,124,1028,128,178,101,135,314,149,23390,12246,4869,3367,1109,1799,453,1166,4672,1033,171,179,6055
2019,St. Jürgen (Stadtteil),45417,7191,28491,9735,21519,23898,41805,3612,355,337,84,760,194,183,151,132,238,146,24920,12655,5380,4126,1036,1723,338,520,2229,596,112,190,3127
2019,St. Jürgen Land (Bezirk),3865,663,2375,827,1922,1943,3574,291,20,47,3,70,28,13,3,11,18,5,1766,568,513,433,72,180,26,37,166,12,10,76,264
2019,St. Lorenz Nord (Stadtteil),43367,6908,27972,8487,21254,22113,37702,5665,1547,600,223,1125,365,181,323,217,604,208,23681,12198,4809,3794,1172,1708,508,1306,5922,1126,180,209,7437
2019,St. Lorenz Süd (Stadtteil),15779,2045,10832,2902,7741,8038,13347,2432,508,209,66,524,141,79,245,122,130,71,9723,5965,1749,1049,414,546,204,622,2329,493,96,58,2976
2019,Strecknitz (Bezirk),14221,2888,8856,2477,6972,7249,12702,1519,149,132,44,279,86,72,33,43,133,52,6909,2904,1610,1617,311,467,81,140,699,186,21,44,950
2019,Travemünde (Stadtteil),13393,1215,6051,6127,6120,7273,12482,911,86,57,30,202,41,56,16,22,58,68,7927,4108,2270,749,215,585,140,96,527,230,25,128,910
2018,Buntekuh (Stadtteil),11118,2205,6355,2558,5457,5661,9135,1983,603,256,77,518,445,96,35,40,172,34,5344,2183,1335,1074,318,434,112,543,2534,343,53,143,3073
2018,Burgtor (Bezirk),7942,1095,4337,2510,3667,4275,7583,359,69,28,28,108,10,10,5,6,36,17,4437,2216,1083,663,120,355,52,98,356,93,18,8,475
2018,Dornbreite (Bezirk),7826,1344,4640,1842,3763,4063,7081,745,141,91,71,224,41,30,17,16,123,29,4036,1824,930,739,221,322,87,184,1022,226,24,22,1294
2018,Dänischburg (Bezirk),4279,661,2647,971,2165,2114,3963,316,88,19,9,94,9,7,6,43,19,7,2008,678,580,434,74,242,25,60,194,38,10,25,267
2018,Eichholz (Bezirk),7640,1489,4312,1839,3684,3956,6960,680,181,75,24,210,25,56,13,12,66,23,3800,1697,810,735,224,334,73,262,1277,189,27,72,1565
2018,Falkenfeld/Vorwerk (Bezirk),10513,1845,6485,2183,5159,5354,9199,1314,513,110,102,321,112,31,47,16,288,45,5392,2526,1140,985,306,435,112,341,1876,436,66,12,2390
2018,Groß Steinrade (Bezirk),3517,714,2162,641,1737,1780,3370,147,35,9,4,50,19,10,3,6,21,8,1540,467,404,496,46,127,29,4,87,13,6,18,124
2018,Herrenwyk (Bezirk),4105,688,2507,910,1985,2120,3591,514,324,36,10,115,13,5,22,15,39,5,2059,883,467,416,118,175,54,105,533,120,27,6,686
2018,Holstentor Nord (Bezirk),21720,3043,14799,3878,10748,10972,18489,3231,881,311,59,519,173,89,255,156,187,144,12913,7560,2355,1598,594,806,258,827,3273,459,118,185,4035
2018,Hüxtertor (Bezirk),27312,3624,17218,6470,12571,14741,25648,1664,184,135,42,408,69,85,105,85,89,87,16268,9196,3232,2075,671,1094,246,406,1464,383,79,72,1998
2018,Innenstadt (Stadtteil),14070,1474,10479,2117,7075,6995,11830,2240,316,228,58,180,69,62,80,87,69,164,9658,6826,1345,723,297,467,184,449,1567,365,73,38,2043
2018,Karlshof (Bezirk),5902,950,3466,1486,2890,3012,5563,339,50,25,9,81,11,18,8,14,15,37,3004,1294,732,584,121,273,43,88,323,75,18,9,425
2018,Kücknitz (Stadtteil),18675,3041,11380,4254,9109,9566,16446,2229,811,202,36,532,98,70,54,119,147,55,9559,4208,2227,1734,523,867,187,490,2388,416,88,177,3069
2018,Kücknitz/Pöppendorf (Bezirk),10291,1692,6226,2373,4959,5332,8892,1399,399,147,17,323,76,58,26,61,89,43,5492,2647,1180,884,331,450,108,325,1661,258,51,146,2116
2018,Lübeck (Gesamtstadt),220629,33328,136864,50437,106593,114036,196280,24349,5406,2427,817,5419,1570,998,1071,947,1897,936,122957,64235,25911,18212,5697,8902,2231,6187,26201,5095,965,1367,33628
2018,Marli/Brandenbaum (Bezirk),20220,2669,12794,4757,9600,10620,18372,1848,316,172,72,599,66,87,69,83,200,56,12191,6990,2307,1366,686,842,249,745,3051,652,124,78,3905
2018,Moisling (Stadtteil),10942,1997,6636,2309,5413,5529,8955,1987,493,276,99,471,107,108,100,92,147,34,5538,2491,1196,977,374,500,139,615,2478,465,81,127,3151
2018,Schlutup (Stadtteil),5891,976,3467,1448,2914,2977,5374,517,43,64,5,105,3,13,32,18,7,16,2928,1217,717,581,152,261,42,102,511,75,26,37,649
2018,St. Gertrud (Stadtteil),41704,6203,24909,10592,19841,21863,38478,3226,616,300,133,998,112,171,95,115,317,133,23432,12197,4932,3348,1151,1804,417,1193,5007,1009,187,167,6370
2018,St. Jürgen (Stadtteil),45501,7224,28585,9692,21524,23977,41971,3530,350,317,82,742,191,196,137,162,252,145,24964,12651,5353,4150,1071,1739,334,610,2430,560,111,213,3314
2018,St. Jürgen Land (Bezirk),3935,673,2434,828,1967,1968,3616,319,13,54,3,63,22,26,3,10,32,5,1813,596,512,432,76,197,22,45,187,13,10,75,285
2018,St. Lorenz Nord (Stadtteil),43576,6946,28086,8544,21407,22169,38139,5437,1570,521,236,1114,345,160,322,194,619,226,23881,12377,4829,3818,1167,1690,486,1356,6258,1134,214,237,7843
2018,St. Lorenz Süd (Stadtteil),15618,2019,10798,2801,7669,7949,13339,2279,513,198,61,543,146,63,197,100,115,61,9664,5948,1706,1047,423,540,202,707,2473,505,99,94,3171
2018,Strecknitz (Bezirk),14254,2927,8933,2394,6986,7268,12707,1547,153,128,39,271,100,85,30,67,131,53,6883,2859,1609,1643,324,448,66,159,779,164,22,66,1031
2018,Travemünde (Stadtteil),13534,1243,6169,6122,6184,7350,12613,921,91,65,30,216,55,59,19,20,52,68,7989,4137,2271,760,221,600,128,122,555,223,33,134,945
2017,Buntekuh (Stadtteil),11125,2222,6318,2585,5424,5701,9187,1938,611,250,75,528,416,86,33,34,167,38,5309,2148,1321,1086,306,448,107,566,2701,326,57,130,3214
2017,Burgtor (Bezirk),7928,1100,4302,2526,3679,4249,7567,361,69,26,27,104,5,13,6,4,34,20,4422,2203,1071,680,121,347,62,92,290,88,22,5,405
2017,Dornbreite (Bezirk),7850,1347,4658,1845,3793,4057,7107,743,135,92,70,225,24,30,17,23,121,25,4031,1807,941,739,231,313,71,185,1018,222,31,33,1304
2017,Dänischburg (Bezirk),4272,658,2621,993,2164,2108,3975,297,91,17,9,101,10,9,3,27,19,9,2003,674,575,436,74,244,57,83,304,38,9,12,363
2017,Eichholz (Bezirk),7436,1467,4160,1809,3579,3857,6781,655,198,72,22,203,29,45,18,11,70,21,3698,1648,771,715,226,338,69,263,1204,198,47,44,1493
2017,Falkenfeld/Vorwerk (Bezirk),10500,1869,6454,2177,5141,5359,9241,1259,511,84,98,318,118,30,40,15,295,35,5370,2484,1131,982,325,448,119,376,1958,414,60,13,2445
2017,Groß Steinrade (Bezirk),3504,705,2160,639,1727,1777,3373,131,31,3,4,51,19,10,3,5,22,8,1533,463,392,495,50,133,28,24,65,12,3,11,88
2017,Herrenwyk (Bezirk),4132,708,2533,891,2019,2113,3632,500,334,27,9,118,12,3,18,9,38,5,2038,858,474,425,111,170,43,122,575,127,26,7,735
2017,Holstentor Nord (Bezirk),21403,3047,14441,3915,10540,10863,18401,3002,858,299,69,519,159,94,211,121,174,136,12687,7370,2341,1567,613,796,257,924,3448,467,107,146,4168
2017,Hüxtertor (Bezirk),27291,3665,17108,6518,12516,14775,25661,1630,178,193,43,383,69,74,91,76,96,85,16165,9069,3262,2079,681,1074,242,416,1547,378,81,91,2097
2017,Innenstadt (Stadtteil),13924,1488,10361,2075,7014,6910,11773,2151,324,183,57,197,73,55,74,89,77,149,9538,6718,1311,727,312,470,176,487,1709,350,62,45,2166
2017,Karlshof (Bezirk),5886,943,3467,1476,2885,3001,5546,340,59,22,7,81,8,17,7,14,15,27,2983,1258,748,584,124,269,68,86,361,87,21,17,486
2017,Kücknitz (Stadtteil),18668,3032,11381,4255,9121,9547,16503,2165,809,190,35,545,95,64,47,90,142,61,9489,4099,2257,1742,531,860,240,564,2613,413,94,151,3271
2017,Kücknitz/Pöppendorf (Bezirk),10264,1666,6227,2371,4938,5326,8896,1368,384,146,17,326,73,52,28,54,85,47,5448,2567,1208,881,346,446,140,359,1734,248,59,132,2173
2017,Lübeck (Gesamtstadt),219255,33473,135599,50183,105922,113333,195927,23328,5431,2264,813,5324,1532,977,935,847,1906,867,121643,63052,25632,18295,5814,8850,2345,6853,27685,4990,943,1370,34988
2017,Marli/Brandenbaum (Bezirk),20135,2634,12722,4779,9528,10607,18394,1741,319,152,64,563,64,89,48,83,204,52,12102,6893,2293,1398,694,824,235,806,2894,641,121,93,3749
2017,Moisling (Stadtteil),10828,1969,6562,2297,5369,5459,8926,1902,501,244,102,465,127,117,76,69,159,29,5461,2420,1180,961,384,516,122,662,2614,460,69,169,3312
2017,Schlutup (Stadtteil),5875,1009,3436,1430,2901,2974,5395,480,42,40,6,104,3,19,31,17,9,16,2888,1172,689,590,169,268,67,168,744,77,21,25,867
2017,St. Gertrud (Stadtteil),41385,6144,24651,10590,19671,21714,38288,3097,645,272,120,951,106,164,79,112,323,120,23205,12002,4883,3377,1165,1778,434,1247,4749,1014,211,159,6133
2017,St. Jürgen (Stadtteil),45413,7327,28361,9725,21482,23931,41972,3441,346,360,87,720,207,186,134,169,252,131,24740,12441,5295,4180,1080,1744,366,645,2542,557,105,272,3476
2017,St. Jürgen Land (Bezirk),3978,708,2435,835,2005,1973,3656,322,15,37,3,67,42,24,13,11,25,4,1794,574,493,452,70,205,24,48,171,15,7,73,266
2017,St. Lorenz Nord (Stadtteil),43257,6968,27713,8576,21201,22056,38122,5135,1535,476,241,1113,320,164,271,164,612,204,23621,12124,4805,3783,1219,1690,475,1509,6489,1115,198,203,8005
2017,St. Lorenz Süd (Stadtteil),15324,2029,10701,2594,7598,7726,13152,2172,518,166,63,537,137,59,170,90,125,57,9485,5849,1648,1063,421,504,186,725,2574,479,96,87,3236
2017,Strecknitz (Bezirk),14144,2954,8818,2372,6961,7183,12655,1489,153,130,43,270,96,88,30,82,131,42,6781,2798,1540,1649,329,465,100,181,824,164,17,108,1113
2017,Travemünde (Stadtteil),13456,1285,6115,6056,6141,7315,12609,847,100,83,27,164,49,63,20,13,40,62,7907,4079,2243,786,227,572,143,135,615,199,30,129,973
2017,null,3,3,3,3,3,3,3,3,3,3,3,3,3,3,3,3,3,3,3,3,3,3,3,3,29,145,335,3,3,3,335
2016,Buntekuh (Stadtteil),11073,2167,6314,2592,5398,5675,9232,1841,599,216,74,526,392,82,27,31,178,41,5307,2156,1317,1082,295,457,72,620,2746,327,47,239,3359
2016,Burgtor (Bezirk),7995,1082,4408,2505,3735,4260,7600,395,68,37,28,100,31,24,4,4,27,17,4485,2276,1069,668,123,349,52,112,317,85,21,20,443
2016,Dornbreite (Bezirk),7850,1339,4657,1854,3796,4054,7098,752,143,74,65,232,28,41,17,15,118,17,3998,1743,966,739,228,322,56,224,1050,217,21,61,1349
2016,Dänischburg (Bezirk),4271,661,2625,985,2161,2110,3962,309,87,22,9,84,8,8,5,36,20,9,1987,640,582,448,83,234,44,88,299,37,9,35,380
2016,Eichholz (Bezirk),7459,1478,4156,1825,3578,3881,6829,630,206,56,25,204,29,38,25,11,70,21,3727,1677,777,686,254,333,47,326,1389,177,29,59,1654
2016,Falkenfeld/Vorwerk (Bezirk),10502,1895,6451,2156,5160,5342,9306,1196,529,41,99,314,113,34,31,13,285,34,5379,2488,1148,978,318,447,76,442,1981,394,54,62,2491
2016,Groß Steinrade (Bezirk),3501,696,2177,628,1716,1785,3371,130,29,8,4,52,12,9,3,10,21,8,1537,476,391,485,50,135,20,21,74,11,3,17,105
2016,Herrenwyk (Bezirk),4119,704,2540,875,2008,2111,3636,483,343,19,9,117,12,4,13,7,40,5,2038,866,459,437,112,164,42,142,577,116,19,12,724
2016,Holstentor Nord (Bezirk),21609,3088,14595,3926,10676,10933,18597,3012,882,264,48,527,163,98,274,115,178,129,12782,7403,2379,1555,620,825,240,1041,3545,432,109,304,4390
2016,Hüxtertor (Bezirk),27426,3725,17218,6483,12529,14897,25856,1570,181,170,46,373,73,62,84,49,105,82,16204,9048,3226,2109,705,1116,229,459,1683,372,81,169,2305
2016,Innenstadt (Stadtteil),14047,1516,10481,2050,7009,7038,11930,2117,338,173,57,204,62,75,63,63,82,145,9579,6713,1319,733,316,498,146,583,1778,341,76,195,2390
2016,Karlshof (Bezirk),5931,958,3492,1481,2929,3002,5603,328,55,23,5,66,4,16,7,17,15,28,3010,1283,732,589,132,274,48,123,403,84,17,37,541
2016,Kücknitz (Stadtteil),18771,3057,11463,4251,9171,9600,16624,2147,815,195,36,525,90,56,41,101,142,61,9519,4082,2261,1780,553,843,209,595,2681,377,78,256,3392
2016,Kücknitz/Pöppendorf (Bezirk),10381,1692,6298,2391,5002,5379,9026,1355,385,154,18,324,70,44,23,58,82,47,5494,2576,1220,895,358,445,123,365,1805,224,50,209,2288
2016,Lübeck (Gesamtstadt),220211,33572,136475,50164,106288,113923,197755,22456,5508,1980,791,5261,1505,934,891,771,1918,841,121969,62963,25762,18330,5932,8982,1964,7605,28536,4755,857,2471,36619
2016,Marli/Brandenbaum (Bezirk),20339,2629,12899,4811,9666,10673,18655,1684,318,143,73,550,67,84,45,70,206,48,12171,6877,2329,1413,704,848,191,908,3074,622,104,179,3979
2016,Moisling (Stadtteil),10741,1900,6538,2303,5307,5434,8954,1787,497,201,109,465,147,98,48,55,162,27,5439,2417,1173,944,392,513,96,677,2586,429,65,299,3379
2016,Schlutup (Stadtteil),5914,1045,3427,1442,2912,3002,5466,448,39,28,6,103,8,14,33,7,10,13,2885,1140,706,582,183,274,44,174,765,71,18,55,909
2016,St. Gertrud (Stadtteil),41724,6147,24955,10622,19908,21816,38687,3037,647,259,131,920,131,162,81,102,318,114,23393,12113,4907,3356,1213,1804,338,1469,5183,968,171,295,6617
2016,St. Jürgen (Stadtteil),45706,7474,28551,9681,21568,24138,42352,3354,359,354,84,714,218,162,129,169,267,132,24787,12387,5268,4247,1112,1773,351,706,2687,546,99,501,3833
2016,St. Jürgen Land (Bezirk),4002,720,2443,839,2013,1989,3684,318,14,63,3,70,52,13,9,7,22,4,1801,592,468,471,69,201,22,54,172,15,3,134,323
2016,St. Lorenz Nord (Stadtteil),43462,7018,27880,8564,21348,22114,38372,5090,1583,387,216,1125,316,182,325,153,602,188,23696,12110,4884,3757,1216,1729,392,1728,6650,1054,187,444,8335
2016,St. Lorenz Süd (Stadtteil),15254,1981,10718,2555,7570,7684,13289,1965,534,127,59,514,110,64,123,76,128,57,9444,5813,1644,1045,414,528,167,768,2589,446,92,119,3246
2016,Strecknitz (Bezirk),14278,3029,8890,2359,7026,7252,12812,1466,164,121,37,271,93,87,36,113,140,46,6782,2747,1574,1667,338,456,100,193,832,159,16,198,1205
2016,Travemünde (Stadtteil),13519,1267,6148,6104,6097,7422,12849,670,97,40,19,165,31,39,21,14,29,63,7920,4032,2283,804,238,563,131,141,566,196,24,68,854
2016,null,3,3,3,3,3,3,3,3,3,3,3,3,3,3,3,3,3,3,3,3,3,3,3,3,18,144,305,3,3,3,305
2015,Buntekuh (Stadtteil),10993,2108,6251,2634,5332,5661,9295,1698,622,129,78,528,356,61,15,33,176,40,5281,2110,1331,1059,314,467,91,661,2677,332,47,254,3310
2015,Burgtor (Bezirk),8441,1260,4656,2525,3993,4448,7583,858,75,210,29,98,185,87,5,4,44,16,4681,2387,1084,736,123,351,66,123,337,78,25,59,499
2015,Dornbreite (Bezirk),7714,1310,4580,1824,3731,3983,7042,672,146,34,61,233,22,32,17,14,125,13,3944,1719,951,725,240,309,87,231,1035,219,24,109,1387
2015,Dänischburg (Bezirk),4310,672,2639,999,2174,2136,4011,299,84,16,10,76,10,9,5,21,22,9,1979,607,580,453,89,250,44,102,338,34,11,54,437
2015,Eichholz (Bezirk),7458,1492,4144,1822,3574,3884,6861,597,210,29,24,202,14,39,17,10,77,23,3705,1657,768,693,256,331,63,353,1357,184,28,78,1647
2015,Falkenfeld/Vorwerk (Bezirk),10589,1974,6482,2133,5204,5385,9459,1130,501,26,96,302,102,55,33,11,278,35,5400,2485,1136,966,338,475,93,518,1976,402,49,52,2479
2015,Groß Steinrade (Bezirk),3489,715,2150,624,1706,1783,3386,103,29,3,3,44,10,3,6,7,18,7,1521,457,388,485,53,138,20,19,88,10,3,3,101
2015,Herrenwyk (Bezirk),4017,682,2497,838,1959,2058,3560,457,328,6,10,112,8,9,14,3,43,6,1978,832,439,428,116,163,36,152,594,116,23,14,747
2015,Holstentor Nord (Bezirk),21300,2977,14384,3939,10471,10829,18710,2590,913,121,50,531,86,72,202,101,156,132,12617,7297,2333,1527,643,817,234,1171,3467,420,107,314,4308
2015,Hüxtertor (Bezirk),27431,3760,17225,6446,12545,14886,25963,1468,176,137,48,375,78,41,78,61,94,76,16134,8939,3222,2111,731,1131,228,554,1692,378,77,318,2465
2015,Innenstadt (Stadtteil),13975,1467,10504,2004,6996,6979,12015,1960,356,116,52,198,63,35,58,43,82,138,9586,6774,1300,721,329,462,142,668,1722,331,85,321,2459
2015,Karlshof (Bezirk),5936,990,3486,1460,2910,3026,5604,332,64,16,5,68,5,16,8,18,16,29,2990,1266,702,611,139,272,37,132,422,87,20,44,573
2015,Kücknitz (Stadtteil),18510,2964,11308,4238,9018,9492,16603,1907,814,110,38,478,54,38,41,69,135,61,9343,3959,2223,1756,548,857,174,710,2599,369,80,379,3427
2015,Kücknitz/Pöppendorf (Bezirk),10183,1610,6172,2401,4885,5298,9032,1151,402,88,18,290,36,20,22,45,70,46,5386,2520,1204,875,343,444,94,456,1667,219,46,311,2243
2015,Lübeck (Gesamtstadt),218523,33269,135346,49908,105156,113367,198163,20360,5564,1318,800,5133,1271,726,728,582,1895,807,120890,62151,25473,18225,6036,9005,2048,8425,27886,4707,845,3032,36470
2015,Marli/Brandenbaum (Bezirk),20152,2604,12708,4840,9508,10644,18684,1468,327,61,74,529,56,54,24,54,214,52,12051,6779,2312,1396,705,859,212,988,3064,614,110,172,3960
2015,Moisling (Stadtteil),10436,1742,6390,2304,5146,5290,8893,1543,484,142,117,424,73,82,29,33,157,22,5335,2387,1162,893,376,517,96,735,2467,420,48,436,3371
2015,Schlutup (Stadtteil),5915,1071,3444,1400,2903,3012,5542,373,43,5,6,103,7,3,31,14,8,12,2866,1128,690,601,180,267,53,195,800,67,16,5,888
2015,St. Gertrud (Stadtteil),41987,6346,24994,10647,19985,22002,38732,3255,676,316,132,897,260,196,54,86,351,120,23427,12089,4866,3436,1223,1813,378,1596,5180,963,183,353,6679
2015,St. Jürgen (Stadtteil),45116,7355,28130,9631,21177,23939,42378,2738,347,203,83,712,126,92,122,104,245,117,24408,12060,5248,4206,1110,1784,360,810,2543,546,103,521,3713
2015,St. Jürgen Land (Bezirk),3839,663,2339,837,1898,1941,3671,168,11,17,3,70,7,3,3,7,16,5,1749,566,471,448,70,194,30,32,103,16,3,108,230
2015,St. Lorenz Nord (Stadtteil),43092,6976,27596,8520,21112,21980,38597,4495,1589,181,210,1110,220,159,258,133,577,187,23482,11958,4808,3703,1274,1739,434,1939,6566,1051,183,475,8275
2015,St. Lorenz Süd (Stadtteil),15026,1970,10545,2511,7397,7629,13216,1810,533,81,67,521,91,57,99,54,127,55,9282,5700,1581,1040,435,526,167,851,2558,427,84,115,3184
2015,Strecknitz (Bezirk),13846,2932,8566,2348,6734,7112,12744,1102,160,49,34,267,41,49,44,36,135,36,6525,2555,1555,1647,309,459,102,224,748,152,23,95,1018
2015,Travemünde (Stadtteil),13470,1269,6182,6019,6090,7380,12889,581,100,35,17,162,21,4,21,13,37,55,7878,3985,2264,810,246,573,126,157,589,201,16,173,979
2015,null,3,3,3,3,3,3,3,3,3,3,3,3,3,3,3,3,3,3,3,3,3,3,3,3,27,103,185,3,3,3,185
2014,Buntekuh (Stadtteil),10894,2058,6227,2608,5269,5625,9376,1518,647,56,81,502,338,47,15,31,175,35,5217,2028,1361,1048,311,469,113,647,2666,303,46,109,3124
2014,Burgtor (Bezirk),7898,1063,4305,2530,3630,4268,7579,319,73,6,27,98,8,7,5,3,39,19,4440,2227,1075,660,131,347,68,137,374,70,16,25,485
2014,Dornbreite (Bezirk),7465,1262,4427,1774,3561,3904,6899,566,155,8,62,227,16,24,14,8,113,11,3808,1626,929,712,238,303,71,220,969,204,23,16,1212
2014,Dänischburg (Bezirk),4245,665,2556,1020,2142,2103,3982,263,83,15,10,69,4,7,3,9,22,9,1935,576,587,447,86,239,39,80,297,34,10,57,398
2014,Eichholz (Bezirk),7431,1439,4166,1825,3596,3835,6865,566,213,27,19,194,15,34,8,5,85,20,3669,1597,812,688,238,334,61,349,1321,172,29,111,1633
2014,Falkenfeld/Vorwerk (Bezirk),10584,1939,6551,2093,5183,5401,9533,1051,519,20,99,281,85,8,22,9,276,39,5293,2345,1124,1015,351,458,104,487,1974,363,56,37,2430
2014,Groß Steinrade (Bezirk),3406,698,2097,611,1670,1736,3312,94,30,3,3,43,8,3,3,3,18,4,1473,427,384,483,45,134,25,23,86,7,3,3,94
2014,Herrenwyk (Bezirk),3993,695,2464,834,1945,2048,3546,447,343,3,11,107,3,3,12,3,38,6,1971,843,438,421,113,156,45,143,586,101,17,7,711
2014,Holstentor Nord (Bezirk),21141,2885,14283,3972,10296,10845,18843,2298,934,56,48,512,64,42,131,87,144,107,12507,7141,2405,1524,626,811,306,1055,3355,409,114,193,4071
2014,Hüxtertor (Bezirk),27130,3710,17011,6409,12389,14741,25848,1282,175,25,52,347,33,27,59,66,82,70,15966,8804,3223,2076,752,1111,277,520,1688,361,69,38,2156
2014,Innenstadt (Stadtteil),13688,1416,10310,1962,6816,6872,11966,1722,335,26,48,207,35,14,36,36,88,140,9424,6648,1288,692,323,473,158,621,1740,310,79,46,2175
2014,Karlshof (Bezirk),5881,954,3479,1448,2886,2995,5613,268,66,3,8,67,6,8,4,10,13,24,2977,1256,728,602,133,258,49,134,362,83,19,15,479
2014,Kücknitz (Stadtteil),18087,2928,10913,4242,8767,9320,16518,1569,825,28,41,458,9,10,35,37,113,56,9157,3879,2233,1715,529,801,204,677,2611,327,72,99,3109
2014,Kücknitz/Pöppendorf (Bezirk),9849,1568,5893,2388,4680,5169,8990,859,399,12,20,282,3,3,22,27,53,41,5251,2460,1208,847,330,406,120,454,1728,192,45,35,2000
2014,Lübeck (Gesamtstadt),215800,32470,133657,49661,103360,112440,198195,17605,5688,392,814,4985,861,366,553,497,1817,757,119258,60689,25655,18020,6034,8860,2354,8015,27592,4414,816,1071,33893
2014,Marli/Brandenbaum (Bezirk),20089,2607,12655,4826,9476,10613,18843,1246,330,29,79,516,36,18,12,50,208,46,11969,6694,2322,1393,717,843,240,914,3045,582,116,50,3793
2014,Moisling (Stadtteil),10255,1667,6226,2362,5005,5250,8998,1257,502,37,125,410,57,61,20,25,141,28,5260,2353,1160,886,359,502,100,676,2434,427,52,148,3061
2014,Schlutup (Stadtteil),5903,1066,3437,1400,2875,3028,5549,354,49,3,6,116,6,3,14,8,8,14,2859,1109,706,603,179,262,61,203,801,62,14,7,884
2014,St. Gertrud (Stadtteil),41299,6063,24605,10629,19588,21711,38900,2399,682,65,133,875,65,67,29,68,345,109,23055,11774,4937,3343,1219,1782,418,1534,5102,907,180,201,6390
2014,St. Jürgen (Stadtteil),44749,7272,27946,9531,20973,23776,42160,2589,358,47,84,688,73,51,157,119,245,112,24187,11835,5288,4172,1141,1751,437,771,2602,517,93,65,3277
2014,St. Jürgen Land (Bezirk),3788,651,2305,832,1864,1924,3667,121,9,3,3,57,3,3,3,3,17,6,1714,532,468,451,66,197,34,25,93,13,3,3,109
2014,St. Lorenz Nord (Stadtteil),42596,6784,27358,8450,20710,21886,38587,4009,1638,86,212,1063,173,74,169,107,551,161,23081,11539,4842,3734,1260,1706,506,1785,6384,983,194,246,7807
2014,St. Lorenz Süd (Stadtteil),14897,1940,10462,2494,7312,7585,13222,1675,557,45,67,502,102,40,51,54,125,55,9181,5605,1569,1015,455,537,184,839,2536,394,72,149,3151
2014,Strecknitz (Bezirk),13831,2911,8630,2290,6720,7111,12645,1186,174,22,31,284,40,24,98,52,146,36,6507,2499,1597,1645,323,443,126,226,821,143,21,27,1012
2014,Travemünde (Stadtteil),13432,1276,6173,5983,6045,7387,12919,513,95,3,17,164,3,3,27,12,26,47,7837,3919,2271,812,258,577,155,179,617,184,14,3,816
2014,null,3,3,3,3,3,3,3,3,3,3,3,3,3,3,3,3,3,3,3,3,3,3,3,3,18,83,99,3,3,3,99
2013,Buntekuh (Stadtteil),10678,2034,6115,2528,5146,5532,9296,1382,639,21,78,486,323,40,8,15,167,32,5124,1975,1336,1012,341,460,113,662,2709,285,42,70,3106
2013,Burgtor (Bezirk),7803,1047,4252,2504,3573,4230,7516,287,70,5,27,99,3,5,4,6,32,17,4391,2203,1039,654,132,363,59,146,357,63,17,21,458
2013,Dornbreite (Bezirk),7337,1229,4342,1766,3516,3821,6841,496,163,4,64,202,11,13,3,6,116,10,3748,1595,927,691,229,306,80,253,996,201,22,13,1232
2013,Dänischburg (Bezirk),4195,673,2507,1015,2107,2088,3964,231,80,14,10,61,3,13,3,6,23,9,1898,557,580,455,85,221,48,109,298,36,9,39,382
2013,Eichholz (Bezirk),7402,1427,4149,1825,3587,3815,6881,521,228,27,10,180,14,35,3,5,73,19,3657,1611,790,705,220,331,57,406,1336,163,34,56,1589
2013,Falkenfeld/Vorwerk (Bezirk),10557,1966,6499,2091,5158,5399,9569,988,489,13,97,259,79,5,18,9,275,36,5265,2314,1138,1004,357,452,107,546,2056,343,49,18,2466
2013,Groß Steinrade (Bezirk),3391,701,2080,610,1658,1733,3293,98,30,3,3,46,7,3,3,4,21,5,1454,404,386,484,43,137,28,24,78,5,3,3,84
2013,Herrenwyk (Bezirk),3975,685,2498,792,1932,2043,3531,444,354,3,10,111,4,3,11,3,38,8,1947,817,440,424,116,150,44,161,586,104,13,3,705
2013,Holstentor Nord (Bezirk),20955,2857,14163,3934,10234,10721,18771,2184,956,27,49,496,67,34,105,59,141,100,12309,6920,2404,1523,616,846,302,1155,3392,405,106,118,4021
2013,Hüxtertor (Bezirk),27030,3709,16977,6344,12265,14765,25838,1192,189,24,46,330,34,23,46,53,81,63,15875,8722,3239,2063,771,1080,263,612,1675,362,58,18,2113
2013,Innenstadt (Stadtteil),13543,1402,10215,1926,6786,6757,11899,1644,356,17,43,194,41,12,31,34,89,121,9314,6563,1279,683,321,468,147,693,1788,295,84,18,2185
2013,Karlshof (Bezirk),5861,948,3472,1441,2850,3011,5614,247,71,3,4,57,7,5,4,6,15,24,2966,1236,726,592,145,267,50,133,405,78,11,13,507
2013,Kücknitz (Stadtteil),17889,2894,10826,4169,8654,9235,16439,1450,858,20,38,424,8,16,23,18,105,54,9027,3806,2213,1723,515,770,191,754,2614,326,63,50,3053
2013,Kücknitz/Pöppendorf (Bezirk),9719,1536,5821,2362,4615,5104,8944,775,424,6,18,252,3,3,11,11,44,37,5182,2432,1193,844,314,399,99,484,1730,186,41,9,1966
2013,Lübeck (Gesamtstadt),213922,32218,132569,49126,102270,111652,197644,16278,5792,198,777,4720,830,293,409,380,1805,693,118068,59853,25466,17923,6031,8795,2301,8876,27879,4257,760,584,33480
2013,Marli/Brandenbaum (Bezirk),19984,2592,12593,4796,9409,10575,18861,1123,330,10,83,488,38,12,11,39,206,40,11912,6663,2314,1407,719,809,234,1017,3087,540,99,27,3753
2013,Moisling (Stadtteil),10225,1646,6218,2361,4960,5265,9103,1122,509,4,123,410,65,45,10,17,148,26,5251,2343,1145,898,362,503,100,768,2446,401,60,78,2985
2013,Schlutup (Stadtteil),5812,1034,3384,1394,2815,2997,5467,345,55,3,6,102,6,3,9,10,7,8,2831,1117,706,583,172,253,66,222,790,67,18,7,882
2013,St. Gertrud (Stadtteil),41050,6014,24466,10566,19419,21631,38872,2178,699,44,124,824,62,57,22,56,326,100,22926,11713,4869,3358,1216,1770,400,1702,5185,844,161,117,6307
2013,St. Jürgen (Stadtteil),44294,7227,27697,9370,20661,23633,41923,2371,370,33,75,631,57,31,124,99,260,105,23901,11646,5255,4140,1163,1697,400,885,2521,508,78,24,3131
2013,St. Jürgen Land (Bezirk),3783,652,2315,816,1861,1922,3678,105,10,3,3,48,3,3,3,3,16,5,1705,521,465,455,62,202,30,34,96,13,3,3,111
2013,St. Lorenz Nord (Stadtteil),42240,6753,27084,8401,20566,21674,38474,3766,1638,45,212,1003,164,52,129,78,553,151,22776,11233,4855,3702,1245,1741,517,1978,6522,954,178,149,7803
2013,St. Lorenz Süd (Stadtteil),14727,1916,10322,2487,7221,7506,13212,1515,566,13,63,482,102,38,34,39,123,50,9089,5539,1561,1007,441,541,179,908,2594,396,61,70,3121
2013,Strecknitz (Bezirk),13481,2866,8405,2210,6535,6946,12407,1074,171,9,28,253,23,8,78,45,163,37,6321,2403,1551,1622,330,415,107,239,750,133,18,6,907
2013,Travemünde (Stadtteil),13464,1298,6242,5924,6042,7422,12959,505,102,3,15,164,3,3,19,14,27,46,7829,3918,2247,817,255,592,172,210,662,181,15,3,859
2013,null,3,3,3,3,3,3,3,3,3,3,3,3,3,3,3,3,3,3,3,3,3,3,3,3,16,94,48,3,3,3,48
2012,Buntekuh (Stadtteil),10690,2012,6178,2500,5183,5507,9382,1308,645,10,81,478,309,28,15,8,169,31,5129,1945,1367,986,366,465,87,617,2599,261,39,38,2937
2012,Burgtor (Bezirk),7749,1025,4207,2517,3535,4214,7479,270,79,3,20,101,4,5,3,3,25,15,4381,2215,1008,628,152,378,62,112,356,54,16,3,427
2012,Dornbreite (Bezirk),7310,1220,4328,1762,3494,3816,6873,437,152,5,64,206,9,7,3,4,117,11,3729,1568,908,678,252,323,70,263,970,193,17,10,1190
2012,Dänischburg (Bezirk),4245,693,2533,1019,2123,2122,4042,203,68,4,9,57,4,16,3,5,18,11,1927,579,576,456,94,222,41,89,310,27,10,36,383
2012,Eichholz (Bezirk),7404,1403,4172,1829,3576,3828,6920,484,223,10,12,188,21,28,5,4,68,18,3699,1653,782,677,244,343,66,376,1340,157,30,19,1546
2012,Falkenfeld/Vorwerk (Bezirk),10511,1927,6511,2073,5124,5387,9593,918,478,13,97,249,75,4,6,10,265,37,5228,2254,1124,1000,375,475,106,510,2065,318,40,21,2444
2012,Groß Steinrade (Bezirk),3303,660,2025,618,1615,1688,3219,84,26,3,3,37,3,3,3,4,19,4,1427,395,394,454,54,130,28,25,57,7,3,3,64
2012,Herrenwyk (Bezirk),3903,687,2456,760,1900,2003,3452,451,380,3,9,99,3,3,4,3,38,8,1913,795,442,418,117,141,45,139,614,94,10,3,721
2012,Holstentor Nord (Bezirk),20714,2806,13945,3963,10082,10632,18697,2017,951,23,46,472,76,29,75,51,119,97,12225,6870,2374,1436,679,866,274,1074,3463,394,95,99,4051
2012,Hüxtertor (Bezirk),26856,3642,16845,6369,12114,14742,25757,1099,187,19,42,311,28,17,37,44,74,59,15773,8641,3205,1977,830,1120,280,506,1613,337,51,10,2011
2012,Innenstadt (Stadtteil),13424,1409,10140,1875,6743,6681,11857,1567,362,9,42,193,39,11,26,24,78,96,9155,6380,1300,664,344,467,148,621,1798,295,85,13,2191
2012,Karlshof (Bezirk),5943,954,3523,1466,2900,3043,5719,224,71,3,4,55,6,3,4,8,13,24,2992,1224,732,593,144,299,62,149,433,64,11,7,515
2012,Kücknitz (Stadtteil),17861,2915,10775,4171,8604,9257,16453,1408,894,4,34,376,8,18,16,14,96,49,8983,3765,2188,1718,548,764,177,661,2661,308,55,44,3068
2012,Kücknitz/Pöppendorf (Bezirk),9713,1535,5786,2392,4581,5132,8959,754,446,3,16,220,3,3,11,8,40,30,5143,2391,1170,844,337,401,91,433,1737,187,35,5,1964
2012,Lübeck (Gesamtstadt),213369,32150,132124,49095,101841,111528,197996,15373,5849,132,762,4544,794,236,347,293,1732,642,117378,58988,25303,17559,6494,9034,2157,8050,27801,4027,695,372,32895
2012,Marli/Brandenbaum (Bezirk),20043,2597,12666,4780,9490,10553,18911,1132,356,10,79,475,38,10,14,29,218,40,11892,6598,2313,1381,758,842,211,951,3055,524,93,18,3690
2012,Moisling (Stadtteil),10487,1755,6324,2408,5055,5432,9361,1126,539,7,124,417,59,44,7,13,151,25,5341,2356,1157,913,407,508,104,703,2531,380,55,57,3023
2012,Schlutup (Stadtteil),5734,1035,3324,1375,2761,2973,5406,328,46,3,6,97,8,3,3,5,7,9,2780,1091,685,568,179,257,52,195,754,60,16,7,837
2012,St. Gertrud (Stadtteil),41139,5979,24568,10592,19501,21638,39029,2110,729,23,115,819,69,45,26,43,324,97,22964,11690,4835,3279,1298,1862,401,1588,5184,799,150,45,6178
2012,St. Jürgen (Stadtteil),43991,7163,27476,9352,20447,23544,41743,2248,360,28,73,611,48,26,132,74,247,98,23608,11393,5150,4074,1240,1751,374,729,2413,468,68,13,2962
2012,St. Jürgen Land (Bezirk),3814,675,2342,797,1880,1934,3703,111,11,3,3,47,3,3,3,3,17,4,1683,488,441,470,80,204,19,32,89,9,3,3,99
2012,St. Lorenz Nord (Stadtteil),41838,6613,26809,8416,20315,21523,38382,3456,1607,43,208,964,163,40,84,69,520,149,22609,11087,4800,3568,1360,1794,478,1872,6555,912,152,130,7749
2012,St. Lorenz Süd (Stadtteil),14710,1952,10226,2532,7177,7533,13364,1346,562,7,63,448,89,22,22,36,114,36,9007,5417,1580,977,477,556,179,806,2591,367,64,24,3046
2012,Strecknitz (Bezirk),13321,2846,8289,2186,6453,6868,12283,1038,162,9,30,253,20,9,95,30,156,35,6152,2264,1504,1627,330,427,75,191,711,122,16,3,852
2012,Travemünde (Stadtteil),13495,1317,6304,5874,6055,7440,13019,476,105,3,16,141,3,3,18,7,26,52,7802,3864,2241,812,275,610,143,171,656,176,11,3,844
2012,null,3,3,3,3,3,3,3,3,3,3,3,3,3,3,3,3,3,3,3,3,3,3,3,3,14,87,59,3,3,3,60
2011,Buntekuh (Stadtteil),10570,2009,6094,2467,5076,5494,9356,1214,632,9,85,453,303,28,9,6,174,31,5051,1894,1340,998,362,457,100,651,2572,257,36,null,2865
2011,Burgtor (Bezirk),7736,1025,4228,2483,3511,4225,7497,239,72,3,19,89,4,3,3,5,25,15,4356,2184,988,642,146,396,58,134,370,48,18,null,436
2011,Dornbreite (Bezirk),7287,1200,4358,1729,3489,3798,6833,454,164,3,68,214,9,6,3,10,124,14,3701,1535,921,679,243,323,49,265,986,189,20,null,1195
2011,Dänischburg (Bezirk),4197,682,2495,1020,2083,2114,4020,177,62,3,10,55,8,7,3,3,15,9,1909,579,569,461,77,223,40,118,352,23,7,null,382
2011,Eichholz (Bezirk),7469,1405,4194,1870,3616,3853,7000,469,229,8,12,194,21,18,6,3,73,17,3740,1675,800,691,229,345,63,406,1355,143,26,null,1524
2011,Falkenfeld/Vorwerk (Bezirk),10536,1935,6554,2047,5117,5419,9581,955,494,17,106,257,76,4,17,10,269,34,5209,2264,1098,1018,358,471,84,557,2148,289,45,null,2482
2011,Groß Steinrade (Bezirk),3221,640,1962,619,1558,1663,3145,76,27,3,3,33,3,3,3,3,13,5,1416,427,367,438,59,125,17,30,83,40,3,null,126
2011,Herrenwyk (Bezirk),3921,712,2466,743,1894,2027,3461,460,390,3,8,96,3,3,4,3,41,7,1903,783,426,429,117,148,32,153,637,82,9,null,728
2011,Holstentor Nord (Bezirk),20535,2762,13813,3960,9986,10549,18600,1935,1001,8,44,450,83,40,55,53,105,98,12056,6777,2332,1469,624,854,223,1149,3484,349,100,null,3933
2011,Hüxtertor (Bezirk),26586,3650,16604,6332,11946,14640,25524,1062,186,16,37,286,22,14,40,37,71,53,15585,8477,3190,1954,838,1126,218,575,1671,336,61,null,2068
2011,Innenstadt (Stadtteil),13373,1423,10105,1845,6695,6678,11853,1520,374,12,40,186,36,9,21,22,72,90,9160,6402,1298,642,363,455,106,707,1821,284,99,null,2204
2011,Karlshof (Bezirk),5960,948,3536,1476,2901,3059,5735,225,69,3,5,54,5,3,6,5,14,23,3007,1245,719,605,137,301,50,154,420,63,16,null,499
2011,Kücknitz (Stadtteil),17854,2961,10734,4159,8580,9274,16477,1377,923,3,35,366,11,9,10,7,95,51,8917,3692,2164,1737,533,791,163,721,2678,304,47,null,3029
2011,Kücknitz/Pöppendorf (Bezirk),9736,1567,5773,2396,4603,5133,8996,740,471,3,17,215,3,3,4,7,39,35,5105,2330,1169,847,339,420,91,450,1689,199,31,null,1919
2011,Lübeck (Gesamtstadt),212305,32298,131216,48791,101028,111277,197480,14825,6019,105,777,4431,785,195,295,249,1700,633,116397,58220,24983,17703,6427,9064,1851,8934,28322,3889,747,null,32958
2011,Marli/Brandenbaum (Bezirk),19962,2674,12532,4756,9428,10534,18858,1104,359,5,84,490,31,13,12,16,219,42,11754,6474,2270,1419,749,842,178,1054,3110,498,101,null,3709
2011,Moisling (Stadtteil),10756,1894,6421,2441,5166,5590,9648,1108,566,6,135,411,66,23,10,16,161,25,5425,2370,1146,967,447,495,101,862,2702,384,59,null,3145
2011,Schlutup (Stadtteil),5769,1048,3351,1370,2768,3001,5460,309,66,3,5,89,7,3,3,3,8,6,2784,1093,662,588,175,266,54,210,747,60,14,null,821
2011,St. Gertrud (Stadtteil),41127,6052,24490,10585,19456,21671,39090,2037,729,16,120,827,61,34,27,29,331,97,22857,11578,4777,3357,1261,1884,349,1748,5255,752,161,null,6168
2011,St. Jürgen (Stadtteil),43024,7003,26787,9234,19951,23073,40956,2068,352,27,62,552,37,24,103,49,213,94,23117,11104,5061,3971,1232,1749,314,828,2384,455,77,null,2916
2011,St. Jürgen Land (Bezirk),3843,701,2355,787,1894,1949,3735,108,12,3,3,40,3,3,3,3,17,3,1680,465,440,481,86,208,18,38,103,4,3,null,108
2011,St. Lorenz Nord (Stadtteil),41579,6537,26687,8355,20150,21429,38159,3420,1686,26,219,954,171,50,74,74,511,151,22382,11003,4718,3604,1284,1773,373,2001,6701,867,168,null,7736
2011,St. Lorenz Süd (Stadtteil),14738,2001,10182,2555,7139,7599,13431,1307,573,7,63,464,91,16,28,36,111,35,8924,5275,1581,1009,481,578,146,919,2700,351,69,null,3120
2011,Strecknitz (Bezirk),12595,2652,7828,2115,6111,6484,11697,898,154,10,24,226,15,10,63,12,125,38,5852,2162,1431,1536,308,415,78,215,610,115,15,null,740
2011,Travemünde (Stadtteil),13515,1370,6365,5780,6047,7468,13050,465,118,3,13,129,3,3,11,8,24,53,7780,3809,2236,830,289,616,121,187,712,175,17,null,904
2011,null,3,3,3,3,3,3,3,3,3,3,3,3,3,3,3,3,3,3,3,3,3,3,3,3,24,100,50,3,3,null,50
2010,Buntekuh (Stadtteil),10490,1996,6071,2423,5021,5469,9355,1135,587,5,83,437,297,20,3,6,176,30,4988,1831,1352,991,354,460,120,646,2571,248,13,null,2832
2010,Burgtor (Bezirk),7768,1001,4279,2488,3513,4255,7514,254,76,3,20,90,3,3,10,3,24,14,4368,2167,1013,634,153,401,69,144,374,52,3,null,429
2010,Dornbreite (Bezirk),7318,1190,4379,1749,3476,3842,6872,446,151,3,76,202,11,6,3,6,124,15,3701,1533,915,689,232,332,63,272,1058,174,20,null,1252
2010,Dänischburg (Bezirk),4209,697,2495,1017,2103,2106,4027,182,58,3,10,51,3,10,3,3,14,10,1907,562,582,465,88,210,58,94,361,21,3,null,383
2010,Eichholz (Bezirk),7531,1440,4199,1892,3669,3862,7040,491,221,8,15,191,26,15,4,3,71,15,3732,1640,813,695,239,345,85,388,1349,130,18,null,1497
2010,Falkenfeld/Vorwerk (Bezirk),10431,1973,6411,2047,5055,5376,9528,903,477,14,119,259,54,3,3,4,279,33,5121,2164,1106,1027,374,450,101,558,2135,255,12,null,2402
2010,Groß Steinrade (Bezirk),3119,616,1882,621,1512,1607,3044,75,28,3,3,32,3,3,3,3,11,3,1376,425,345,428,54,124,24,20,62,33,5,null,100
2010,Herrenwyk (Bezirk),3998,762,2489,747,1939,2059,3499,499,411,3,11,99,3,3,3,3,46,7,1876,721,429,452,119,155,52,153,652,84,3,null,739
2010,Holstentor Nord (Bezirk),20495,2816,13746,3933,9966,10529,18592,1903,978,4,38,474,85,36,58,34,107,100,11958,6620,2355,1511,637,835,264,1116,3630,330,22,null,3982
2010,Hüxtertor (Bezirk),26673,3633,16706,6334,12018,14655,25645,1028,201,14,40,278,22,6,31,31,64,61,15588,8446,3172,1989,825,1156,263,584,1758,324,22,null,2104
2010,Innenstadt (Stadtteil),13363,1462,10131,1770,6668,6695,11787,1576,402,7,41,191,47,5,36,27,73,93,9103,6334,1253,665,396,455,131,648,1894,271,16,null,2181
2010,Karlshof (Bezirk),6005,966,3522,1517,2925,3080,5778,227,74,3,5,52,6,3,6,3,11,19,2996,1206,735,612,138,305,63,143,431,58,6,null,495
2010,Kücknitz (Stadtteil),17883,3041,10711,4131,8618,9265,16478,1405,947,4,33,361,5,12,3,5,99,48,8860,3595,2176,1783,534,772,220,668,2735,280,15,null,3030
2010,Kücknitz/Pöppendorf (Bezirk),9676,1582,5727,2367,4576,5100,8952,724,478,3,12,211,3,3,3,3,39,31,5077,2312,1165,866,327,407,110,421,1722,175,11,null,1908
2010,Lübeck (Gesamtstadt),212115,32545,130979,48591,100873,111242,197472,14643,6063,88,792,4401,787,141,253,198,1685,637,115702,57340,24973,17908,6445,9036,2309,8722,29143,3615,269,null,33027
2010,Marli/Brandenbaum (Bezirk),20019,2732,12520,4767,9412,10607,18945,1074,361,5,78,486,36,12,9,11,224,49,11740,6447,2266,1447,767,813,238,1026,3170,441,38,null,3649
2010,Moisling (Stadtteil),10938,1979,6497,2462,5260,5678,9772,1166,608,7,146,427,86,9,11,9,170,26,5416,2313,1139,1023,419,522,123,843,2888,380,24,null,3292
2010,Schlutup (Stadtteil),5796,1054,3370,1372,2777,3019,5475,321,74,3,7,86,7,3,3,5,10,6,2778,1075,679,579,175,270,62,234,812,71,8,null,891
2010,St. Gertrud (Stadtteil),41323,6139,24520,10664,19519,21804,39277,2046,732,14,118,819,71,29,29,18,330,97,22836,11460,4827,3388,1297,1864,455,1701,5324,681,65,null,6070
2010,St. Jürgen (Stadtteil),42686,6874,26703,9109,19816,22870,40727,1959,351,24,62,518,31,14,88,43,195,100,22915,10987,4997,3946,1203,1782,374,818,2514,421,29,null,2964
2010,St. Jürgen Land (Bezirk),3843,702,2354,787,1897,1946,3748,95,15,3,3,34,3,3,3,3,20,4,1679,474,437,477,87,204,24,50,139,5,3,null,144
2010,St. Lorenz Nord (Stadtteil),41363,6595,26418,8350,20009,21354,38036,3327,1634,21,234,967,153,42,62,46,521,151,22156,10742,4721,3655,1297,1741,452,1966,6885,792,59,null,7736
2010,St. Lorenz Süd (Stadtteil),14712,2011,10133,2568,7104,7608,13487,1225,614,5,56,460,87,7,8,35,88,35,8894,5235,1616,1005,479,559,188,907,2751,312,28,null,3091
2010,Strecknitz (Bezirk),12170,2539,7643,1988,5901,6269,11334,836,135,9,22,206,9,8,57,10,111,35,5648,2067,1388,1480,291,422,87,184,617,92,7,null,716
2010,Travemünde (Stadtteil),13561,1394,6425,5742,6081,7480,13078,483,114,3,12,135,3,3,11,4,23,51,7756,3768,2213,873,291,611,163,194,721,159,12,null,892
2010,null,3,3,3,3,3,3,3,3,3,3,3,3,3,3,3,3,3,3,3,3,3,3,3,3,21,97,48,3,3,null,48
